<?xml version="1.0" encoding="UTF-8" standalone="yes"?>
	    <addon id="repository.fanfilmfork" name="FanFilm Fork repo" version="1.1" provider-name="FanFilm Fork">
			<extension point="xbmc.addon.repository" name="FanFilm Fork repo">
				<dir>
					<info compressed="false">https://raw.githubusercontent.com/fanfilmfork/repository.fanfilmfork/master/zips19/addons.xml</info>
					<checksum>https://raw.githubusercontent.com/fanfilmfork/repository.fanfilmfork/master/zips19/addons.xml.md5</checksum>
					<datadir zip="true">https://raw.github.com/fanfilmfork/repository.fanfilmfork/master/zips19</datadir>
				</dir>
				<dir>
					<info compressed="false">https://raw.githubusercontent.com/Gujal00/smrzips/master/addons.xml</info>
					<checksum>https://raw.githubusercontent.com/Gujal00/smrzips/master/addons.xml.md5</checksum>
					<datadir zip="true">https://raw.githubusercontent.com/Gujal00/smrzips/master/zips/</datadir>
				</dir>
			</extension>
			<extension point="xbmc.addon.metadata">
				<summary>Repozytorium wtyczki FanFilm Fork</summary>
				<description>Repozytorium wtyczki FanFilm Fork</description>
				<platform>all</platform>
				<assets>
				    <icon>icon.png</icon>
				    <fanart>fanart.jpg</fanart>			
				</assets>
			</extension>
    </addon>